id,X,Y,M,V
2800,-243.48418,-51.831417,105.21533,0.40529123
2801,325.69043,-277.95148,85.04363,0.41389045
2802,-239.25343,128.472,25.068455,0.35818666
2803,164.01035,266.3734,24.573767,0.3640579
2804,-147.57532,195.31317,125.05791,0.41410172
2805,238.04315,-146.81729,49.069836,0.5678744
2806,-182.73741,238.54968,116.15934,0.7965969
2807,-223.64954,-320.59412,36.975132,0.7551194
2808,-177.6985,108.201454,174.77277,0.33911103
2809,112.99639,380.09113,51.225323,0.8115647
2810,56.491028,110.426765,129.52365,0.9145316
2811,-208.10225,248.83171,85.413315,0.20531793
2812,214.33739,312.66776,103.98047,0.5117066
2813,-23.955751,-0.1626328,48.4382,0.21172021
2814,-32.91477,-150.99007,41.888195,0.8966419
2815,-316.16394,-279.33075,108.044914,0.89253026
2816,17.487097,-237.71664,50.069828,0.61005837
2817,-61.49972,-162.41046,163.6966,0.39541778
2818,19.08269,262.5582,84.57425,0.646766
2819,182.40123,-263.8631,136.35825,0.3873588
2820,236.36325,-368.6947,82.11033,0.7869214
2821,-322.3293,-19.021729,84.275406,0.20425165
2822,341.6121,165.78354,42.999275,0.41455135
2823,333.00885,-126.91475,110.34972,0.6472262
2824,301.19516,-324.17453,49.67103,0.91134375
2825,230.6191,-379.49728,54.159424,0.48384073
2826,205.513,209.36401,63.03216,0.66219044
2827,215.51208,193.57967,125.18047,0.51110506
2828,335.9788,146.1637,159.5839,0.75764
2829,-96.97905,391.05334,88.53839,0.4123973
2830,227.49805,-45.257812,56.911182,0.39486507
2831,-150.37631,137.07938,97.66089,0.87506384
2832,360.86865,-290.32132,42.404617,0.6488249
2833,-347.31448,-190.1767,129.144,0.5171949
2834,222.21393,-316.324,126.813774,0.96238786
2835,-155.424,-11.205819,101.85015,0.61544734
2836,-392.15442,281.04605,146.5137,0.39656898
2837,120.68774,394.29364,91.96938,0.2937219
2838,-145.27475,-261.19766,138.18002,0.20098014
2839,-125.65731,331.45197,94.80199,0.4461341
2840,381.09885,247.24399,136.17882,0.514894
2841,1.9899502,-286.06055,41.117554,0.5538483
2842,-107.085686,317.62143,167.3174,0.8271
2843,-391.53467,-284.97653,59.929863,0.40440628
2844,-341.34848,313.30276,102.48052,0.35577896
2845,128.96259,-160.61122,24.363052,0.2528396
2846,140.379,-317.7009,60.944862,0.20685524
2847,284.88004,-204.31042,104.3407,0.64084023
2848,125.03005,59.682037,162.33253,0.48012343
2849,307.32617,16.805773,139.22963,0.19906591
2850,-321.292,-13.451946,59.11633,0.29796594
2851,369.55154,-118.67036,94.93778,0.7853541
2852,-336.1645,-202.6315,58.45579,0.21587826
2853,362.00623,-292.23093,40.57092,0.5210604
2854,-394.83282,41.171787,116.44098,0.79416114
2855,-256.30756,248.33418,170.07236,0.56720203
2856,-331.88492,-269.9084,137.48997,0.44825917
2857,254.32701,-109.8166,116.58359,0.55580044
2858,-130.49666,165.79402,98.85454,0.82916576
2859,-35.338753,-139.82013,76.60962,0.6260249
2860,-340.4156,121.916626,31.813845,0.22317085
2861,375.69778,58.31099,130.76529,0.6446249
2862,69.58546,50.99509,98.06186,0.8977851
2863,-312.93405,329.9764,143.31143,0.60230106
2864,-285.491,-56.951767,25.061205,0.4536324
2865,399.1364,-273.30533,75.34641,0.799128
2866,157.30623,-87.26125,136.48312,0.5345581
2867,311.27756,187.22214,110.16217,0.3954884
2868,99.153725,-112.2809,59.275627,0.6789991
2869,29.983553,85.898926,25.221327,0.8474334
2870,-275.8795,-190.19023,164.84453,0.58104724
2871,-136.37402,11.26875,72.094734,0.20831294
2872,-329.6815,-76.24031,133.0983,0.26749516
2873,126.20371,-397.41336,151.4996,0.61567694
2874,87.096924,-117.874886,110.153824,0.3858923
2875,-153.58261,-312.3124,64.032425,0.958337
2876,9.249132,-296.51886,125.442245,0.29418412
2877,202.61328,204.1221,83.63442,0.37943876
2878,-142.31433,-234.28146,25.060003,0.43253446
2879,281.85587,281.8458,75.91635,0.20621277
2880,389.77322,-245.5009,146.75717,0.40964293
2881,-321.6812,19.00432,116.23499,0.5729029
2882,-254.70746,239.97346,154.87363,0.86976576
2883,-206.6643,-15.000578,158.0659,0.60364777
2884,361.53693,201.68092,104.588524,0.5756296
2885,114.29651,-125.64422,117.06699,0.67551976
2886,188.69673,-295.5656,102.422516,0.42267373
2887,-248.64087,40.17181,150.84163,0.82034194
2888,-173.29626,200.29724,107.44347,0.3671911
2889,359.69672,-26.733566,122.34931,0.35485426
2890,303.5298,-42.64058,79.155396,0.8973582
2891,94.71635,218.18661,25.0072,0.67227733
2892,-43.26458,-39.265583,79.49543,0.37407997
2893,-325.05746,-314.62598,119.734856,0.22065422
2894,-241.06702,-322.08154,86.58257,0.5851598
2895,-168.31432,-335.82846,125.10781,0.38835782
2896,-277.4901,-33.205326,132.10094,0.7109339
2897,143.14177,-353.01733,147.76529,0.21656866
2898,107.759384,-321.42203,101.297905,0.82218146
2899,-150.04637,202.14818,69.67123,0.5151898
2900,327.68317,-169.23308,153.55083,0.6043067
2901,177.40028,149.37123,54.247448,0.39973778
2902,-368.83496,-302.21158,115.25382,0.64413536
2903,-341.4555,85.768845,126.73853,0.87256336
2904,-284.68896,386.83817,68.89863,0.7849006
2905,258.60825,-91.4943,102.782074,0.20400722
2906,-26.669977,-128.22229,84.16746,0.61323994
2907,-158.81334,-171.14809,110.87889,0.905978
2908,64.5122,244.50504,91.56245,0.4063071
2909,36.323856,369.2738,76.31709,0.62257224
2910,-65.27864,-16.013035,169.88034,0.71893144
2911,40.346638,-301.35794,162.16731,0.33236203
2912,-290.0827,382.17026,149.6491,0.4220639
2913,36.967033,98.4232,150.14171,0.37884519
2914,-337.5547,311.6518,50.93903,0.26682714
2915,-284.88126,-299.0617,41.548798,0.28995812
2916,-131.13417,-243.47658,64.22913,0.7576486
2917,-88.3338,-184.8131,66.48247,0.21072017
2918,119.51974,-355.66187,150.50858,0.82768744
2919,136.04317,205.80434,140.99496,0.20569241
2920,153.76982,-284.93314,36.887783,0.24227567
2921,102.775505,-14.425299,121.981895,0.19931078
2922,-89.63136,-114.32617,149.99327,0.25236452
2923,-156.34088,387.0301,135.63797,0.24866669
2924,185.5475,-365.76483,96.07048,0.32738167
2925,-240.30984,183.7447,49.293663,0.38710955
2926,-296.12744,342.30933,114.09395,0.7986388
2927,-278.07452,302.565,91.00354,0.5722021
2928,-361.53778,-136.4158,122.099625,0.2412909
2929,11.9786,348.5006,111.20131,0.48628756
2930,-105.39213,-72.86806,86.3935,0.770785
2931,-136.8781,320.5089,24.974827,0.7505669
2932,174.19716,326.98526,159.0284,0.5284544
2933,-16.137373,49.021984,169.45695,0.40967655
2934,282.36688,-220.97932,71.3602,0.20903592
2935,-295.898,-288.2516,87.673416,0.5322212
2936,-203.54071,-295.4801,72.448135,0.3718168
2937,387.54672,-10.697726,38.467575,0.56340885
2938,180.88745,-204.5976,60.17269,0.819463
2939,-5.3690424,-309.96887,161.60036,0.59843105
2940,-261.6758,140.63307,69.14865,0.72325355
2941,-205.44125,-46.894135,25.370941,0.45094323
2942,-311.60242,328.4858,143.17987,0.49954137
2943,-354.22363,-227.89526,113.76748,0.82376117
2944,56.28089,230.30003,172.52258,0.42014435
2945,-244.20052,408.7116,128.86208,0.8333315
2946,249.99376,-346.97458,127.063705,0.619288
2947,30.107384,-325.30722,53.409725,0.77534854
2948,151.32559,269.29205,47.597385,0.20525093
2949,193.29219,364.2174,154.22528,0.53935754
2950,46.46581,120.26394,117.52495,0.52172333
2951,266.8649,397.5428,66.57641,0.717566
2952,-9.465504,-345.6352,107.936714,0.8435552
2953,141.88081,49.44933,170.81848,0.7500611
2954,210.79852,-320.20697,25.24832,0.5419346
2955,-18.224695,223.88327,112.0681,0.54867935
2956,-40.002136,-353.3455,68.98946,0.25679532
2957,-208.70308,-381.61517,97.53253,0.27448824
2958,-378.19193,195.6411,143.69621,0.79821074
2959,-173.53772,-124.4885,75.84988,0.48499924
2960,-279.87805,-152.4901,102.28686,0.59774846
2961,-360.1585,63.530598,58.77536,0.71742755
2962,-188.29459,-211.9432,50.16687,0.58944845
2963,10.512564,-375.0902,108.70459,0.51818657
2964,-24.659338,-72.411194,24.951653,0.5421927
2965,98.34647,185.40971,131.62753,0.74995655
2966,-236.41322,-237.11049,185.46823,0.76314026
2967,343.28763,285.5179,48.375965,0.5213515
2968,117.690834,391.07715,131.95523,0.22275874
2969,23.167604,267.73605,174.42244,0.27411526
2970,-0.51082236,-188.0054,152.47372,0.9229344
2971,139.55089,-134.69643,52.56396,0.2033118
2972,89.35993,-178.41351,86.256325,0.79564077
2973,87.02476,-104.37593,157.67052,0.40492514
2974,-114.877144,12.054356,117.72141,0.8498593
2975,335.92737,-111.06747,76.69509,0.39947784
2976,245.7905,-253.97514,41.36727,0.20700315
2977,-220.89027,-176.92628,100.75792,0.20573623
2978,84.68842,-101.86644,51.69602,0.37152943
2979,2.9954584,216.99994,106.594666,0.80746156
2980,309.22827,-242.69246,153.62314,0.42592916
2981,294.23535,212.6191,71.05606,0.91379786
2982,-265.90845,358.25363,67.58297,0.49664974
2983,-115.96218,-345.97974,32.9527,0.83945423
2984,234.74178,268.70786,35.725048,0.8951603
2985,1.0281501,-230.4994,43.438416,0.20283024
2986,20.397116,18.535294,110.79176,0.63552874
2987,-138.1999,-93.92989,59.920563,0.41216344
2988,327.6563,-12.834199,141.69154,0.43903118
2989,83.34759,-195.35263,25.037699,0.45504597
2990,265.78458,392.22308,137.24883,0.6740771
2991,-88.74234,-336.31897,25.708061,0.27903402
2992,-188.50212,124.48984,54.6369,0.21944189
2993,315.50104,-134.92017,109.57394,0.2081449
2994,-298.69464,365.15677,94.88357,0.63973135
2995,-381.73532,-270.90375,113.51898,0.3711439
2996,-71.72061,-365.9181,50.36921,0.40802786
2997,129.58997,-64.84083,45.353127,0.88997126
2998,-356.80972,72.7344,138.55627,0.49174494
2999,-192.5728,-150.58282,149.12292,0.7953564
3000,-267.8948,49.933037,73.28321,0.4538446
3001,-217.38097,-155.61938,140.4738,0.3811807
3002,355.68372,-324.5073,115.624825,0.62670714
3003,-15.273055,-219.38734,78.77524,0.38381138
3004,-334.5418,-369.4607,116.57405,0.58398753
3005,239.94954,324.3717,157.22295,0.21784203
3006,339.08115,-191.57619,136.54794,0.62625843
3007,-154.00409,123.75447,26.57939,0.60101926
3008,-49.95895,100.73641,159.8497,0.59332633
3009,-168.80756,369.23242,133.78099,0.38685143
3010,-119.938126,262.10867,46.287994,0.20627157
3011,133.31094,19.601376,158.69232,0.93857974
3012,-351.1985,247.24715,149.1567,0.34464148
3013,196.73962,-265.02347,122.24389,0.20679937
3014,-402.47815,-202.24396,64.13928,0.82612216
3015,-274.54865,399.7187,100.97577,0.77495325
3016,-235.64297,335.06284,34.932774,0.82604825
3017,107.36765,-152.56715,130.22568,0.4097689
3018,44.79375,216.31151,53.51663,0.53619266
3019,64.484474,-56.028496,42.982178,0.6644517
3020,-383.6356,151.35312,161.7464,0.782037
3021,-320.5469,121.066216,111.08309,0.21988657
3022,-387.07532,182.43796,63.142094,0.41017255
3023,87.9447,-100.398544,104.484886,0.5377826
3024,-7.484059,-355.17706,61.535004,0.76288956
3025,320.7165,381.37582,54.341785,0.7913012
3026,-164.41641,407.68954,126.118324,0.56305504
3027,-88.15466,336.56207,95.38114,0.66722584
3028,-310.87112,110.88482,147.30484,0.21021736
3029,162.1856,-15.680957,152.35551,0.21557274
3030,-223.09981,293.6049,78.90008,0.38196483
3031,400.76523,99.48847,66.62569,0.57539827
3032,-114.52212,-325.21167,136.99533,0.8922017
3033,206.61116,295.24823,168.04636,0.6951815
3034,-171.19229,-160.0264,46.59656,0.86623734
3035,347.7609,-2.904088,149.25104,0.6173276
3036,-41.23896,363.02563,118.05751,0.83564216
3037,132.74031,-86.66512,162.1652,0.47700232
3038,-339.24835,-106.78214,143.69034,0.9703817
3039,-95.8012,293.8138,24.874277,0.6361419
3040,-295.52264,-128.20685,47.74128,0.7497925
3041,5.3915586,-271.24103,122.36844,0.19458029
3042,-31.300339,192.06111,88.412,0.6186653
3043,13.178376,86.015396,50.802555,0.4027462
3044,-69.87568,8.11429,46.815826,0.9173272
3045,-384.31207,262.84467,129.4816,0.7679987
3046,159.88719,316.29816,88.66011,0.6569629
3047,375.76428,-88.48548,151.44846,0.38978994
3048,138.7706,361.01425,62.301758,0.85421866
3049,76.72367,-223.53926,175.13213,0.6197324
3050,-334.7692,-37.954304,50.619267,0.9026841
3051,4.8697977,317.6616,32.87529,0.22998804
3052,-267.1949,-286.35022,154.8993,0.33764267
3053,-66.59992,-93.9343,124.060974,0.6142126
3054,-289.10538,203.12373,92.172325,0.4672045
3055,197.4636,50.687428,71.34538,0.47116476
3056,-139.92426,380.54538,110.10315,0.20757332
3057,357.33752,202.69266,60.277332,0.37575144
3058,47.180897,-209.80289,119.88322,0.58943665
3059,73.80467,-77.20294,83.45057,0.20160478
3060,211.08432,96.09996,119.66883,0.2983552
3061,-116.68211,-17.036312,77.90771,0.9058514
3062,-82.15311,-129.28102,82.44175,0.8748279
3063,323.2142,310.01514,130.46007,0.35128295
3064,272.45477,-68.4729,29.065693,0.21321853
3065,-373.30124,276.5799,91.89821,0.8985559
3066,-48.628258,-382.11264,144.7669,0.61986643
3067,-22.013433,340.9397,44.728516,0.81116253
3068,38.30034,170.61383,25.552454,0.8020152
3069,-15.87749,-61.901028,25.100586,0.42221528
3070,-20.92818,20.961432,112.62378,0.21417297
3071,354.1106,-259.90802,104.51781,0.80458146
3072,250.90565,-212.6066,89.45585,0.85519737
3073,260.91953,221.1373,74.50941,0.8979032
3074,130.41057,-186.38953,100.82528,0.7742977
3075,186.2091,-80.20219,167.19456,0.6446011
3076,-380.59055,-318.72766,94.95471,0.25142154
3077,-1.2051739,278.34558,181.85614,0.6442736
3078,-375.39447,-235.17839,90.67905,0.6621431
3079,101.43753,311.47354,28.726555,0.5914671
3080,140.08778,222.24757,136.83696,0.20449853
3081,-127.411674,96.053185,42.317364,0.5278435
3082,-51.04741,333.53207,95.15612,0.35207725
3083,384.3065,232.7036,50.447346,0.7659624
3084,-149.69725,14.046519,52.827854,0.39745203
3085,-53.15531,-219.95097,83.83605,0.8796646
3086,-332.61374,323.64392,45.853733,0.62893856
3087,190.895,-334.73846,151.67395,0.46941155
3088,312.48322,189.75575,153.70912,0.3572873
3089,168.77782,370.03763,71.04644,0.48993668
3090,146.55998,-398.3878,126.65688,0.4892554
3091,269.94876,-181.72162,106.50619,0.371856
3092,-126.82724,269.17044,135.88675,0.6484942
3093,-185.46342,-395.77905,91.19677,0.35131633
3094,-383.12158,166.3721,140.23796,0.55178636
3095,151.29471,147.8192,83.54808,0.7485228
3096,162.07109,-183.51552,81.7195,0.35437492
3097,-113.677376,-46.87898,128.09598,0.8979291
3098,226.81558,-381.56656,80.36758,0.72292274
3099,-263.25665,-153.06563,51.1665,0.45499644
3100,53.634724,378.5501,138.09987,0.79750913
3101,190.66469,398.6028,126.52467,0.41879493
3102,-229.38174,-176.28055,80.63456,0.950818
3103,297.38998,-46.091072,63.475998,0.20972566
3104,244.33629,21.30969,122.717125,0.8787404
3105,355.66434,344.34006,122.06108,0.8192226
3106,-132.44762,259.2031,143.05229,0.21896517
3107,275.9416,-194.23085,153.62834,0.25931546
3108,280.7483,-198.45522,25.259794,0.79305494
3109,166.75214,71.53764,90.4896,0.9513865
3110,121.19962,-322.34064,46.171833,0.3301059
3111,51.1238,-46.822556,131.97571,0.82737905
3112,-68.27627,-388.1226,84.36681,0.8315041
3113,335.04968,-322.31372,100.42723,0.8608153
3114,-301.6699,293.92194,130.80765,0.20612468
3115,209.92627,-100.89546,135.05463,0.3422863
3116,13.5943365,201.6282,171.49132,0.59412473
3117,151.67361,274.87146,109.07354,0.38315213
3118,-160.49394,259.08954,167.63828,0.40133324
3119,-331.2165,-52.420235,84.467674,0.33466864
3120,-243.45276,-123.010315,80.72133,0.6742141
3121,188.83878,89.237,25.353298,0.48730457
3122,-185.79352,-386.3839,54.930187,0.6557604
3123,1.7600762,350.32446,131.74701,0.45576987
3124,-80.07657,-181.83809,25.388494,0.7602912
3125,298.89062,-68.60861,27.775944,0.7368015
3126,239.88486,-370.8566,129.48874,0.25921232
3127,-82.94337,-41.294353,141.86963,0.4293288
3128,-136.93446,-256.3844,122.100426,0.73796636
3129,378.12668,-284.49756,71.67543,0.6237227
3130,-243.28859,222.70001,91.4425,0.6904408
3131,138.58884,122.38018,97.44453,0.20466864
3132,52.14378,309.381,121.65442,0.9827167
3133,-40.113224,-97.03183,134.15392,0.29298928
3134,288.60825,268.37067,25.461761,0.8242975
3135,-270.73114,338.35577,94.15457,0.24066259
3136,-193.22496,26.958906,95.7444,0.55173826
3137,339.9067,-62.68926,119.27369,0.5380673
3138,-99.49829,260.3473,59.5647,0.8944965
3139,26.72466,-0.44002324,96.41914,0.8045078
3140,280.06976,132.0591,25.316416,0.7672691
3141,44.09198,99.15284,100.375114,0.3759405
3142,-23.915081,-388.8642,108.576836,0.35209435
3143,-33.595783,27.659307,164.67935,0.77795714
3144,-302.70624,-372.3939,141.80006,0.6351063
3145,163.16844,152.28328,50.065334,0.83603203
3146,-186.85178,295.96506,27.733469,0.5294083
3147,220.01532,287.46216,107.680626,0.20495108
3148,-171.39267,264.52524,24.45634,0.21491334
3149,381.56448,247.22961,75.20731,0.34560403
3150,-382.6428,-128.23695,36.618515,0.29025495
3151,-98.23634,327.40015,60.923256,0.21438903
3152,105.74674,387.63156,53.770206,0.6506013
3153,-354.94824,-104.883484,82.45222,0.42067873
3154,34.102955,334.00803,149.98157,0.36495015
3155,-235.80437,-315.60925,143.95302,0.30134416
3156,321.6086,287.72287,30.033068,0.22464065
3157,271.0526,57.631466,140.11884,0.37796673
3158,-20.561832,-334.6786,50.186306,0.44269267
3159,-83.15692,-320.3158,119.49217,0.7702659
3160,-74.02159,4.627662,162.39621,0.9196058
3161,75.93195,-366.6219,72.04993,0.47180858
3162,324.47964,-156.74303,128.95842,0.82780457
3163,17.299917,152.71011,28.36254,0.25797874
3164,308.80423,51.04831,76.104866,0.2052277
3165,-290.7398,160.20393,124.65721,0.43463865
3166,-305.43893,362.96225,51.484283,0.38701683
3167,368.08298,-120.6954,87.7772,0.32760102
3168,-257.30493,391.1179,65.79343,0.7107596
3169,392.48056,-191.8678,48.030544,0.2587097
3170,244.48866,-215.8805,52.3989,0.39151636
3171,-300.3714,-398.4303,63.19323,0.22277527
3172,205.95206,-2.3093185,90.73805,0.35778096
3173,-273.37128,-392.8089,126.691,0.8138208
3174,-39.51008,-337.5713,169.63412,0.3556851
3175,312.72784,277.2101,153.24849,0.70881623
3176,-279.00473,-194.41031,53.647873,0.8416996
3177,181.22484,-256.93082,150.16306,0.54015726
3178,104.09581,19.529688,37.38258,0.69018376
3179,267.8798,53.45659,117.36424,0.64281505
3180,-324.46158,171.95926,25.120731,0.795027
3181,-392.77112,271.37924,64.67559,0.7685845
3182,-59.012184,-39.974155,111.30502,0.42424116
3183,-139.3827,-163.89398,48.473885,0.32440913
3184,-254.43248,-293.44568,25.667496,0.7036885
3185,-364.05804,233.88997,47.83791,0.87003255
3186,-216.39508,-139.93254,144.92177,0.48894578
3187,-94.84253,96.37057,127.76336,0.69442695
3188,-115.13086,-249.14212,61.073715,0.20301093
3189,27.657238,333.72458,24.629416,0.51307356
3190,232.73824,93.31564,25.018948,0.5530696
3191,-63.763016,-117.39054,51.410553,0.45786822
3192,171.13454,342.5622,125.570465,0.75004274
3193,-119.7827,232.12686,147.36736,0.8615734
3194,257.40646,108.08992,164.83975,0.6118463
3195,192.28763,145.0581,94.69691,0.5927252
3196,217.46935,240.49287,49.161457,0.19842209
3197,-89.00297,-300.6515,69.17514,0.58166754
3198,-367.72177,221.87318,74.3235,0.5926045
3199,359.27505,286.755,155.30237,0.60592806
3200,-178.71405,-116.551994,47.78331,0.6892849
3201,362.6104,-186.4912,109.55838,0.26129192
3202,-218.48376,-403.5913,106.35704,0.4628486
3203,-215.88985,203.76613,50.381683,0.7304588
3204,-1.1484233,-92.27205,163.1154,0.5968788
3205,47.480526,-383.55145,143.16924,0.43288386
3206,-211.933,-231.98976,104.05964,0.7581841
3207,-118.01346,340.93115,99.444244,0.8443089
3208,340.96106,-173.43097,129.82112,0.8442706
3209,-274.72852,-23.4112,49.41616,0.5982041
3210,154.49326,103.75787,125.709755,0.75069416
3211,171.58046,42.592674,93.21592,0.72797525
3212,-390.8553,-8.878105,45.671444,0.7715686
3213,82.71807,34.10858,131.20251,0.40373832
3214,-155.63847,-228.67532,24.594406,0.2960545
3215,-44.104134,341.70755,63.747337,0.44210213
3216,75.90482,-397.00186,80.91775,0.6538409
3217,68.42449,360.57587,147.72105,0.61545026
3218,321.00092,-81.81023,33.255245,0.7519196
3219,108.12834,-178.29335,63.908676,0.5311178
3220,-153.01471,-270.92343,163.1111,0.412042
3221,-355.6259,144.56352,158.10545,0.38162985
3222,267.8012,316.59637,156.57468,0.8177768
3223,161.4023,255.40666,127.71407,0.6221859
3224,178.7367,-279.35898,177.57404,0.62905234
3225,212.09967,-367.46912,41.19302,0.75264287
3226,89.06521,290.9036,119.18978,0.3985549
3227,69.19506,-329.89526,146.0735,0.7706453
3228,160.50955,244.63087,162.54903,0.89771825
3229,220.10567,-160.3881,118.90554,0.840681
3230,325.19852,82.756386,66.56356,0.7781069
3231,326.62726,346.23834,101.53642,0.4297002
3232,116.33095,-122.84502,82.225235,0.21757384
3233,-163.0513,158.12035,75.89891,0.39612284
3234,-329.31024,-301.9519,56.166183,0.35317323
3235,-364.842,294.19574,44.10095,0.4444115
3236,112.80887,-111.96189,141.09288,0.9071968
3237,157.59679,68.24984,163.87479,0.35435027
3238,38.946156,-243.5161,44.950733,0.91336805
3239,-280.98068,305.85718,168.45656,0.7430341
3240,-307.39163,-300.60715,42.45259,0.87742275
3241,333.43146,228.6618,82.16118,0.70226234
3242,-379.3681,-162.42007,62.9725,0.5676372
3243,18.073385,315.31888,146.93176,0.85932577
3244,-67.76843,-19.326025,155.55746,0.54955816
3245,212.1316,-373.84827,114.74554,0.6835597
3246,-70.22897,180.99567,76.22898,0.32938668
3247,-391.34436,-84.75272,111.19946,0.5439527
3248,294.9398,-333.44363,132.83134,0.8462182
3249,-312.07617,97.635544,83.01162,0.846842
3250,384.23828,25.746319,133.43689,0.76674163
3251,101.487274,258.62924,83.74264,0.8139408
3252,23.268837,-89.09395,45.597977,0.2146549
3253,-48.587425,119.08462,50.168945,0.72289443
3254,284.54608,-177.87067,52.07943,0.20274734
3255,-259.76773,-358.74963,91.230095,0.74198955
3256,208.06398,-300.1217,55.115215,0.6717739
3257,349.81058,45.27985,77.17912,0.91779494
3258,366.38373,173.49846,133.81122,0.8462869
3259,251.9318,-224.3203,158.71422,0.62791795
3260,-279.2771,-352.7897,154.61711,0.56822175
3261,-163.75128,244.08936,139.15868,0.52301174
3262,362.25476,58.19871,79.98487,0.40885496
3263,36.460228,-150.39046,107.16568,0.8920229
3264,80.20935,337.4414,155.36256,0.7795729
3265,-338.56873,74.16755,169.45181,0.62454736
3266,-340.74673,109.70531,58.808884,0.4597952
3267,-114.14946,-204.32915,158.9367,0.8066436
3268,-300.4593,-74.75896,117.1845,0.8574203
3269,-138.34181,-193.18045,151.88304,0.64094883
3270,387.50082,125.64605,138.95639,0.524797
3271,267.44434,387.4094,132.75862,0.37154588
3272,-243.99973,-365.88977,49.98408,0.46418038
3273,-154.45572,-65.30005,152.88364,0.21342295
3274,-204.05197,-285.6491,119.82796,0.507672
3275,35.16662,229.03665,85.07969,0.8829275
3276,156.29262,279.30103,74.278435,0.45265242
3277,21.188612,273.53732,162.73024,0.52141935
3278,95.49835,-272.76776,100.705894,0.44669503
3279,264.20584,206.75836,118.22859,0.84069407
3280,251.27902,-70.54701,24.811506,0.41334414
3281,376.40027,-294.96426,88.322395,0.570004
3282,381.72998,-130.13637,66.777214,0.47610414
3283,-355.55023,164.32732,70.79963,0.22826357
3284,337.08252,228.16426,93.74362,0.648035
3285,-30.13293,-50.337147,25.134037,0.3837608
3286,-337.50925,-205.11006,120.390976,0.6354169
3287,207.08563,15.941994,108.11523,0.44689015
3288,331.22488,378.8322,106.26073,0.65356255
3289,306.6859,-358.8445,134.29828,0.3396039
3290,75.20003,59.91252,70.98483,0.6639774
3291,64.35136,361.15863,64.49392,0.2340857
3292,226.8728,-166.09612,25.334806,0.4872805
3293,-76.7847,355.39194,56.53496,0.638662
3294,303.25323,348.49286,153.88107,0.38607946
3295,-195.83386,-261.39224,129.87723,0.6124071
3296,-80.35704,113.53332,85.04135,0.73745906
3297,-41.550434,-297.77365,163.37906,0.77460796
3298,328.71558,-103.624275,63.590157,0.71802
3299,175.36969,-17.294956,72.36557,0.8254984
3300,46.504364,193.02498,146.4148,0.7570437
3301,31.62582,-255.49301,138.7936,0.58810604
3302,302.33212,371.65866,95.324326,0.38375437
3303,-177.24486,25.104795,58.43981,0.7859675
3304,-148.50694,68.78001,124.25508,0.5365876
3305,215.97665,134.75356,55.78834,0.707008
3306,-221.28252,109.3289,168.84048,0.64673835
3307,-48.46283,335.28238,129.67563,0.54882807
3308,-44.07173,81.3781,81.73819,0.20109543
3309,-251.7392,-217.84805,102.77535,0.20804253
3310,-272.32843,10.042542,167.87051,0.8637686
3311,-321.99893,-317.10785,137.16618,0.9392905
3312,-299.754,110.27155,120.07829,0.8832921
3313,-318.98154,-84.49916,46.9295,0.21088834
3314,52.83096,-160.86134,150.38432,0.75049466
3315,100.79781,-162.53043,61.286327,0.44293004
3316,-63.29705,-138.99329,125.6979,0.71558505
3317,-381.4348,-254.82468,169.2662,0.72141296
3318,-245.83133,-79.77961,125.048775,0.66349274
3319,-335.1489,-210.75584,131.84059,0.8415987
3320,-372.90585,-32.551052,145.73154,0.7139071
3321,87.67966,-94.61221,73.4151,0.9517923
3322,288.43237,-381.60934,110.46036,0.43799794
3323,308.37183,38.603607,41.326,0.8980532
3324,-123.95819,-68.71412,102.23276,0.20729028
3325,290.83157,-347.2578,24.44415,0.3801242
3326,-57.769783,39.754745,71.30286,0.49479866
3327,244.02068,303.3172,91.56135,0.21240851
3328,-109.9366,101.13834,117.05884,0.20512217
3329,296.7714,-380.6441,60.024376,0.2756341
3330,295.41238,39.87161,101.63321,0.73546726
3331,385.48224,-9.890292,99.29226,0.5781824
3332,-154.51399,158.4551,25.18534,0.8503511
3333,-30.628147,70.00324,67.72178,0.76243806
3334,-190.66411,-75.461945,124.67603,0.3860623
3335,-371.2079,34.724182,46.868183,0.44527113
3336,-2.5639803,-214.87994,137.59517,0.42297322
3337,199.4808,63.27421,111.438446,0.37623462
3338,-309.80646,162.20717,44.472614,0.56413186
3339,155.08449,-226.7658,72.397896,0.9017729
3340,339.4661,-333.16498,84.565834,0.21312232
3341,-112.19459,-230.19661,106.196304,0.3386398
3342,-4.323364,-107.29373,56.619774,0.8303797
3343,-203.80156,83.28628,156.71815,0.48535797
3344,304.74536,371.34473,73.36447,0.6656069
3345,105.29481,-26.32841,48.179924,0.4844989
3346,200.27603,148.09232,148.9578,0.62690747
3347,-226.76122,-329.29,159.01433,0.6715949
3348,128.68083,-186.86,25.206207,0.72649276
3349,-290.9935,-342.27032,70.54676,0.7538678
3350,171.37962,146.1602,123.94546,0.5356466
3351,26.853249,240.65292,55.82637,0.8477856
3352,-144.32974,111.31221,25.045523,0.28611153
3353,-101.88552,-52.739,51.516224,0.6548031
3354,167.25977,-247.6544,25.861725,0.77392966
3355,128.0346,-258.23322,94.639305,0.62798285
3356,-191.86,374.0577,160.81377,0.6767441
3357,131.7548,23.256773,50.65293,0.9104805
3358,272.2381,345.87497,103.69045,0.8204903
3359,285.88602,-212.38855,156.87251,0.35643554
3360,211.73701,288.27255,34.89055,0.4979593
3361,99.683174,33.012436,80.24956,0.43701696
3362,240.61267,199.53683,168.01836,0.37333792
3363,-181.41284,194.29556,108.85076,0.6459078
3364,-266.8383,-234.23216,98.461075,0.41210762
3365,362.9495,308.69598,126.65198,0.4799362
3366,-173.68658,147.4865,161.67432,0.7359148
3367,-102.81415,-387.11658,138.1076,0.52510786
3368,-37.183704,170.93538,135.12206,0.38723493
3369,-176.4398,180.38205,131.52728,0.640268
3370,-285.9999,295.16196,163.1939,0.30358168
3371,-234.37624,-71.90982,163.89885,0.3982034
3372,-212.23114,-372.1316,94.787834,0.63509655
3373,-124.90742,250.10419,66.069214,0.81355524
3374,-58.03326,356.14804,108.7337,0.6859157
3375,193.82593,-177.62679,150.85973,0.87128
3376,-211.1031,384.93414,48.479443,0.39976656
3377,-217.61853,-142.3608,85.75592,0.30904952
3378,381.9984,152.84561,120.898315,0.26062387
3379,-84.45198,-210.99188,108.33953,0.45599926
3380,394.0814,-24.551516,86.07776,0.6434466
3381,-328.61368,-100.108215,144.79692,0.30994353
3382,320.30252,-255.25769,49.616497,0.71867037
3383,68.264244,-281.3416,120.25989,0.8063183
3384,-193.76973,38.70494,25.101236,0.69588166
3385,399.9002,-2.9812238,48.090332,0.3723539
3386,389.93457,-25.540855,50.207386,0.49914628
3387,-202.24008,-0.4493322,168.1342,0.37495708
3388,-376.68933,164.31741,100.57288,0.40851846
3389,-251.32172,-3.661802,24.945412,0.8586287
3390,-18.368353,74.132416,56.48266,0.5386685
3391,-254.06061,33.333885,77.75167,0.8978444
3392,-41.178246,-6.368692,112.181725,0.6731863
3393,-220.72556,-382.43204,147.90181,0.81091124
3394,-278.13092,331.12326,47.165436,0.5327522
3395,-243.2858,-146.96223,173.15797,0.6169401
3396,-400.50974,-134.04124,117.052574,0.447565
3397,269.22583,378.4048,90.63026,0.79911137
3398,-122.4724,124.835884,101.45045,0.43202314
3399,274.08734,-345.59216,154.72923,0.749592
3400,297.2178,242.44861,72.094635,0.46534136
3401,22.229065,8.8151865,105.2241,0.42567158
3402,286.59918,174.54166,164.02222,0.46757084
3403,-85.93231,-248.96425,165.74005,0.44241247
3404,-353.0464,-319.79166,53.009388,0.66856295
3405,193.20139,-160.85733,72.34636,0.6436089
3406,-182.61171,57.673443,30.395973,0.87761176
3407,369.03656,235.90149,48.282547,0.5711299
3408,242.07011,325.7387,36.560917,0.658132
3409,-331.52185,-59.53025,89.761345,0.7597639
3410,185.11507,169.81528,145.42166,0.83134115
3411,-361.8009,-27.199188,151.38206,0.52548236
3412,1.3543546,243.09584,110.79796,0.23183966
3413,-26.715014,-292.50027,98.444695,0.68229914
3414,263.43222,366.57434,57.95662,0.34927526
3415,324.26572,-372.63138,140.82936,0.6403306
3416,-372.56897,8.26021,91.925224,0.60099864
3417,-17.513742,-372.5988,121.18271,0.45721292
3418,-185.12303,48.596123,127.80207,0.37233755
3419,315.75592,214.06248,124.09373,0.7082448
3420,92.34931,-361.4867,71.293144,0.25201756
3421,-69.87516,328.2603,63.33811,0.6900348
3422,67.42839,359.269,100.919174,0.7584985
3423,342.42715,-269.15695,61.93776,0.86374134
3424,285.50482,135.14922,54.00547,0.22237945
3425,-255.89488,-82.575745,167.08498,0.7279358
3426,260.09863,-140.72021,85.16866,0.5124007
3427,-332.77576,-251.65276,31.477741,0.5005773
3428,-133.68048,272.29868,162.55035,0.37588048
3429,261.3251,1.5159305,44.6413,0.3069476
3430,367.489,169.59781,127.34891,0.26046237
3431,210.71259,292.19763,26.473795,0.39018926
3432,-265.39578,100.11838,108.63584,0.21058123
3433,-286.129,359.63486,66.12854,0.8752701
3434,-89.24169,380.0169,159.02246,0.53682804
3435,-388.22836,-263.97394,55.598396,0.7318588
3436,349.95825,338.30875,48.878044,0.42561057
3437,265.84543,-73.60333,166.66644,0.45549953
3438,335.63934,110.963005,88.32829,0.21671858
3439,-380.6958,72.17587,96.142334,0.362201
3440,-61.59634,269.54706,96.70632,0.21340688
3441,-387.05032,127.50173,110.77295,0.69383574
3442,-80.39552,256.7197,41.21808,0.39952597
3443,167.20486,379.19705,119.07341,0.59030753
3444,-233.52827,62.994217,98.60037,0.744575
3445,-302.01892,-189.19571,119.70783,0.8356392
3446,-273.81192,142.33298,133.62277,0.6850859
3447,-19.428234,313.08466,126.89251,0.58046836
3448,45.026165,-252.25134,92.21124,0.21398634
3449,-91.31913,-344.74146,25.16218,0.5750027
3450,-258.00342,-307.6764,47.454372,0.5057663
3451,323.3502,-112.47548,51.23584,0.9048059
3452,-381.1625,14.44853,139.67435,0.36952803
3453,-284.6645,191.62593,50.470737,0.8793285
3454,-202.2788,75.38248,69.785225,0.6578289
3455,144.11707,82.731155,28.17885,0.28046337
3456,25.469519,68.5328,75.4955,0.7935161
3457,-290.00552,-87.986015,91.02916,0.7384318
3458,49.391094,159.49557,25.263477,0.44258028
3459,195.96951,-384.8593,54.118908,0.48831645
3460,2.808696,-399.59598,126.09864,0.40473878
3461,397.04608,90.26296,101.95259,0.43505293
3462,105.08825,77.511055,68.46701,0.22490336
3463,178.3822,-51.19004,91.91266,0.6590051
3464,286.69778,97.93527,120.159676,0.8589345
3465,-27.0881,70.32945,151.06238,0.22746444
3466,229.63043,36.680866,61.84993,0.5951269
3467,237.44028,-376.65698,94.36588,0.5643427
3468,38.84958,266.16782,79.69417,0.20765105
3469,-197.45312,-295.11154,49.56615,0.19892238
3470,-212.27063,-63.413822,28.60188,0.22460155
3471,-50.067757,-367.54453,128.62135,0.70431566
3472,282.54602,25.505173,165.18555,0.83942366
3473,-1.0576693,142.05013,168.58154,0.90345895
3474,380.76956,-278.45966,47.112255,0.40016937
3475,-90.15722,303.6343,48.87194,0.43697518
3476,-109.88436,149.99648,144.59483,0.87114555
3477,-8.685449,175.71492,43.956104,0.20583035
3478,150.95847,-30.42334,138.87695,0.6903273
3479,-354.4015,-134.59703,66.11501,0.50831634
3480,224.9085,-52.711433,140.58875,0.7556953
3481,63.056934,26.728563,139.38774,0.64084214
3482,65.70727,-165.86627,148.30281,0.2306279
3483,364.36353,-246.84018,130.6127,0.42073962
3484,-40.287098,-220.55379,96.645485,0.37833956
3485,253.40308,-224.9123,134.96594,0.50503004
3486,161.41832,236.97139,147.94624,0.40588546
3487,-258.3826,-43.687912,127.017815,0.20095508
3488,-378.21652,186.20027,107.99905,0.65576077
3489,311.65875,-5.565127,157.65692,0.87165
3490,143.18877,-276.19406,163.93991,0.37654728
3491,-346.24182,160.31853,61.784855,0.21480758
3492,316.70624,-161.83083,157.432,0.7648713
3493,-209.93172,47.537193,83.588356,0.34054244
3494,-133.98799,148.7379,152.14418,0.22398485
3495,-325.35428,363.9357,116.749664,0.45362633
3496,64.175385,112.61167,75.2512,0.2815004
3497,363.3085,-320.80927,104.82662,0.22324026
3498,256.2435,-390.19553,142.61598,0.50396323
3499,77.23625,287.44864,62.779945,0.3216187
